seed,best_epoch,best_val_score,train_time_sec,test_loss,params_total,params_trainable,gmacs,gflops,infer_time_sec_total,infer_time_ms_per_sample,throughput_samples_per_sec,test_acc,test_macro_f1,test_weighted_f1,test_macro_precision,test_macro_recall,test_weighted_precision,test_weighted_recall,test_precision_Earthquake,test_recall_Earthquake,test_f1_Earthquake,test_support_Earthquake,test_class_acc_Earthquake,test_precision_Explosion,test_recall_Explosion,test_f1_Explosion,test_support_Explosion,test_class_acc_Explosion,test_precision_Collapse,test_recall_Collapse,test_f1_Collapse,test_support_Collapse,test_class_acc_Collapse
0.0,18.0,0.9109144499875836,5243.487581097055,0.547019083610928,6303139.0,6303139.0,1.506264256,3.012528512,5.067020038604737,0.15752720383649618,6348.1098860736465,0.8927749797923273,0.890687010382179,0.8918724597515854,0.8912511352552287,0.890883566080663,0.8917107707432336,0.8927749797923273,0.9351618783091745,0.9807027125432368,0.9573910339005642,10986.0,0.9807027125432368,0.8672613737734166,0.8657168299198575,0.866488413547237,11230.0,0.8657168299198575,0.8713301536830949,0.8262311557788945,0.8481815836987361,9950.0,0.8262311557788945
1.0,19.0,0.9169347429266305,5242.322357506026,0.6553681444280618,6303139.0,6303139.0,1.506264256,3.012528512,4.300405715942383,0.13369414027054602,7479.759381947338,0.8876764285270161,0.8858406878639266,0.8868528559355114,0.8855966344509906,0.88686897937079,0.8868419246937821,0.8876764285270161,0.9317373579668662,0.9777899144365556,0.9542083055740618,10986.0,0.9777899144365556,0.8795452410034764,0.8335707925200356,0.8559411146161935,11230.0,0.8335707925200356,0.8455073043826296,0.8492462311557789,0.8473726434015243,9950.0,0.8492462311557789
2.0,15.0,0.9102043823717604,5246.657191824168,0.5947525259994325,6303139.0,6303139.0,1.506264256,3.012528512,4.29900548362732,0.13365060883004787,7482.195620011093,0.8989616365106012,0.8977501358535571,0.8985550973338993,0.8974820317030482,0.8988011472086871,0.8989460496826801,0.8989616365106012,0.94638426090039,0.972055343164027,0.9590480466995959,10986.0,0.972055343164027,0.8946921042689837,0.8435440783615316,0.868365569713081,11230.0,0.8435440783615316,0.8513697299397708,0.8808040201005025,0.8658367911479945,9950.0,0.8808040201005025
