metric,mean,std,min,max
test_acc,0.8931376816099815,0.0056513400414937515,0.8876764285270161,0.8989616365106012
test_macro_f1,0.8914259446998876,0.005989011253858554,0.8858406878639266,0.8977501358535571
test_weighted_f1,0.8924268043403321,0.005870782475857881,0.8868528559355114,0.8985550973338993
train_time_sec,5244.155710142416,2.2433221920574673,5242.322357506026,5246.657191824168
infer_time_ms_per_sample,0.14162398431236337,0.0137726093087384,0.13365060883004787,0.15752720383649618
params_total,6303139.0,0.0,6303139.0,6303139.0
