seed,best_epoch,best_val_score,train_time_sec,epochs_ran,early_stop_triggered,test_loss,params_total,params_trainable,gmacs,gflops,infer_time_sec_total,infer_time_ms_per_sample,throughput_samples_per_sec,test_acc,test_macro_f1,test_weighted_f1,test_macro_precision,test_macro_recall,test_weighted_precision,test_weighted_recall,test_precision_Earthquake,test_recall_Earthquake,test_f1_Earthquake,test_support_Earthquake,test_class_acc_Earthquake,test_precision_Explosion,test_recall_Explosion,test_f1_Explosion,test_support_Explosion,test_class_acc_Explosion,test_precision_Collapse,test_recall_Collapse,test_f1_Collapse,test_support_Collapse,test_class_acc_Collapse,test_precision_Noise,test_recall_Noise,test_f1_Noise,test_support_Noise,test_class_acc_Noise
0.0,18.0,0.9297933940829038,314.1135234751273,28.0,1.0,0.6388424334398499,26031748.0,26031748.0,0.431398688,0.862797376,0.7296314606666565,0.017316517400419045,57748.332235429785,0.9156995372018512,0.9158185249135795,0.9150705099961957,0.9157191703559489,0.9166899732920564,0.9152555011061401,0.9156995372018512,0.9292693471681799,0.9782450391407246,0.953128464369651,10986.0,0.9782450391407246,0.8882453475123433,0.8330365093499554,0.8597555371748921,11230.0,0.8330365093499554,0.8458635415632139,0.8559798994974874,0.8508916529297168,9950.0,0.8559798994974874,0.9994984451800581,0.9994984451800581,0.9994984451800581,9969.0,0.9994984451800581
