seed,best_epoch,best_val_score,train_time_sec,test_loss,params_total,params_trainable,gmacs,gflops,infer_time_sec_total,infer_time_ms_per_sample,throughput_samples_per_sec,test_acc,test_macro_f1,test_weighted_f1,test_macro_precision,test_macro_recall,test_weighted_precision,test_weighted_recall,test_precision_Earthquake,test_recall_Earthquake,test_f1_Earthquake,test_support_Earthquake,test_class_acc_Earthquake,test_precision_Explosion,test_recall_Explosion,test_f1_Explosion,test_support_Explosion,test_class_acc_Explosion,test_precision_Collapse,test_recall_Collapse,test_f1_Collapse,test_support_Collapse,test_class_acc_Collapse
0.0,35.0,0.9058420120030566,2073.8751075370237,0.7594477121851274,4783875.0,4783875.0,0.310326112,0.620652224,0.9228085751533508,0.0286889440761472,34856.633180564786,0.8835727165329852,0.8820369793557495,0.8831619564359171,0.8816294712377805,0.8827298774726833,0.8830450701329492,0.8835727165329852,0.9476775226908702,0.969415619879847,0.9584233261339092,10986.0,0.969415619879847,0.8637453874538745,0.8337488869100623,0.84848210240145,11230.0,0.8337488869100623,0.8334655035685964,0.8450251256281407,0.8392055095318894,9950.0,0.8450251256281407
1.0,22.0,0.9031618287600559,2077.1699846379925,0.6755689346852402,4783875.0,4783875.0,0.310326112,0.620652224,0.9403686051368714,0.02923486305841172,34205.735734146736,0.8820493688988372,0.8806863015091039,0.8817926820620405,0.8803132549497427,0.8812932986779282,0.8817740233663635,0.8820493688988372,0.9503991389362275,0.9645002730748226,0.9573977863112717,10986.0,0.9645002730748226,0.860296146417732,0.8329474621549421,0.8464009410487264,11230.0,0.8329474621549421,0.8302444794952681,0.8464321608040201,0.8382601771673136,9950.0,0.8464321608040201
2.0,25.0,0.900279117174807,2160.4310062211007,0.6612878003497682,4783875.0,4783875.0,0.310326112,0.620652224,0.9436844501495362,0.029337948459539145,34085.5462807541,0.8822980787166573,0.8806740264133263,0.8819055558952451,0.8806263218535907,0.8808262133227918,0.8816155757773276,0.8822980787166573,0.9488164359088879,0.966866921536501,0.9577566385645372,10986.0,0.966866921536501,0.8502945902517408,0.8481745325022262,0.8492332382310984,11230.0,0.8481745325022262,0.8427679394001433,0.8274371859296482,0.8350322024443431,9950.0,0.8274371859296482
