metric,mean,std,min,max
test_acc,0.8826400547161599,0.0008172256064226664,0.8820493688988372,0.8835727165329852
test_macro_f1,0.8811324357593932,0.0007833817765151286,0.8806740264133263,0.8820369793557495
test_weighted_f1,0.8822867314644008,0.0007600652528761662,0.8817926820620405,0.8831619564359171
train_time_sec,2103.825366132039,49.04959654469052,2073.8751075370237,2160.4310062211007
infer_time_ms_per_sample,0.02908725186469936,0.0003487742404441325,0.0286889440761472,0.029337948459539145
params_total,4783875.0,0.0,4783875.0,4783875.0
