model,test_acc_mean,test_acc_std,test_macro_f1_mean,test_macro_f1_std,test_weighted_f1_mean,test_weighted_f1_std,train_time_sec_mean,train_time_sec_std,infer_time_ms_per_sample_mean,infer_time_ms_per_sample_std,params_total_mean,params_total_std,params_total_M,train_time_hours_mean
googlenet,0.8931376816099815,0.0056513400414937515,0.8914259446998876,0.005989011253858554,0.8924268043403321,0.005870782475857881,5244.155710142416,2.2433221920574673,0.14162398431236337,0.0137726093087384,6303139.0,0.0,6.303139,1.4567099194840045
vit,0.8826400547161599,0.0008172256064226664,0.8811324357593932,0.0007833817765151286,0.8822867314644008,0.0007600652528761662,2103.825366132039,49.04959654469052,0.02908725186469936,0.0003487742404441325,4783875.0,0.0,4.783875,0.5843959350366775
capsnet,0.8879562270720637,0.002971535943629576,0.8865245164949339,0.0029541323673498918,0.8877922740951928,0.002872350582762482,5568.6445990727125,5.632410590140383,0.15637980719280156,0.002712942645177994,8800688.0,0.0,8.800688,1.5468457219646423
capsnet_res,0.8960703848784429,0.0016344512128452294,0.8943904985720351,0.0015368198652127546,0.8955472315024874,0.001563385766034813,22213.013634990744,3.9670970516303874,0.6027732603552279,0.006222035477776908,11162288.0,0.0,11.162288,6.170281565275206
