seed,best_epoch,best_val_score,train_time_sec,test_loss,params_total,params_trainable,gmacs,gflops,infer_time_sec_total,infer_time_ms_per_sample,throughput_samples_per_sec,test_acc,test_macro_f1,test_weighted_f1,test_macro_precision,test_macro_recall,test_weighted_precision,test_weighted_recall,test_precision_Earthquake,test_recall_Earthquake,test_f1_Earthquake,test_support_Earthquake,test_class_acc_Earthquake,test_precision_Explosion,test_recall_Explosion,test_f1_Explosion,test_support_Explosion,test_class_acc_Explosion,test_precision_Collapse,test_recall_Collapse,test_f1_Collapse,test_support_Collapse,test_class_acc_Collapse
0.0,6.0,0.9109092423248045,5575.138653713977,0.08997108031892115,8800688.0,8800688.0,0.41213952,0.82427904,5.130875099182129,0.1595123763968827,6269.106025427772,0.8847229994404029,0.8833183259766116,0.8846883872546911,0.8837081976367246,0.8830329314938817,0.8847565013027381,0.8847229994404029,0.9665603644646925,0.965592572364828,0.9660762260370657,10986.0,0.965592572364828,0.8429932686423638,0.8586821015138023,0.8507653623891658,11230.0,0.8586821015138023,0.8415709598031174,0.824824120603015,0.8331133895036037,9950.0,0.824824120603015
1.0,5.0,0.913554921941882,5565.090179831022,0.08856760604040963,8800688.0,8800688.0,0.41213952,0.82427904,4.980303049087524,0.15483128300340498,6458.643115280576,0.8905676801591743,0.8891361526873197,0.8903565478623742,0.8890482889712206,0.8892530425369318,0.8901744050696393,0.8905676801591743,0.9586672669968482,0.969051520116512,0.9638314245620389,10986.0,0.969051520116512,0.8609993742737105,0.8577025823686554,0.8593478163893473,11230.0,0.8577025823686554,0.847478225643103,0.8410050251256281,0.8442292171105731,9950.0,0.8410050251256281
2.0,7.0,0.9114848143213247,5565.704963673139,0.08780160528563317,8800688.0,8800688.0,0.41213952,0.82427904,4.979160486221313,0.15479576217811705,6460.125173513094,0.8885780016166138,0.8871190708208702,0.8883318871685129,0.8867796139867462,0.8876048898469343,0.8882357218236273,0.8885780016166138,0.9584492506506327,0.9721463681048608,0.9652492204799132,10986.0,0.9721463681048608,0.8653635367190354,0.843633125556545,0.8543601767517359,11230.0,0.843633125556545,0.8365260545905707,0.847035175879397,0.8417478152309613,9950.0,0.847035175879397
