metric,mean,std,min,max
test_acc,0.8879562270720637,0.002971535943629576,0.8847229994404029,0.8905676801591743
test_macro_f1,0.8865245164949339,0.0029541323673498918,0.8833183259766116,0.8891361526873197
test_weighted_f1,0.8877922740951928,0.002872350582762482,0.8846883872546911,0.8903565478623742
train_time_sec,5568.6445990727125,5.632410590140383,5565.090179831022,5575.138653713977
infer_time_ms_per_sample,0.15637980719280156,0.002712942645177994,0.15479576217811705,0.1595123763968827
params_total,8800688.0,0.0,8800688.0,8800688.0
