metric,mean,std,min,max
test_acc,0.9170144736520953,0.0019405119924142348,0.9147933904469014,0.9183812940860608
test_macro_f1,0.9194826869902505,0.0019520595322356882,0.9172450345826653,0.9208365029693806
test_weighted_f1,0.9165741060541567,0.001927269803958144,0.914370042567654,0.917942496592735
train_time_sec,1556.9363221533906,24.769677787038578,1528.9399288052227,1576.0028920669574
infer_time_ms_per_sample,0.02377458759005666,0.0009351802667562258,0.023175274681880298,0.0248521773059997
params_total,10079620.0,0.0,10079620.0,10079620.0
