seed,best_epoch,best_val_score,train_time_sec,epochs_ran,early_stop_triggered,test_loss,params_total,params_trainable,gmacs,gflops,infer_time_sec_total,infer_time_ms_per_sample,throughput_samples_per_sec,test_acc,test_macro_f1,test_weighted_f1,test_macro_precision,test_macro_recall,test_weighted_precision,test_weighted_recall,test_precision_Earthquake,test_recall_Earthquake,test_f1_Earthquake,test_support_Earthquake,test_class_acc_Earthquake,test_precision_Explosion,test_recall_Explosion,test_f1_Explosion,test_support_Explosion,test_class_acc_Explosion,test_precision_Collapse,test_recall_Collapse,test_f1_Collapse,test_support_Collapse,test_class_acc_Collapse,test_precision_Noise,test_recall_Noise,test_f1_Noise,test_support_Noise,test_class_acc_Noise
0.0,9.0,0.9351347288854529,806.4896544138901,19.0,1.0,0.4577724768483401,11170884.0,11170884.0,1.5690496,3.1380992,3.780799352645874,0.0897306123803459,11144.46868768985,0.9170285985522725,0.9173828755254563,0.9167471800717598,0.917153130279475,0.9177259493577345,0.9165852374256622,0.9170285985522725,0.9515324305060584,0.9721463681048608,0.9617289509230077,10986.0,0.9721463681048608,0.8694067255991981,0.8495102404274265,0.8593433319821646,11230.0,0.8495102404274265,0.8478740473325311,0.849748743718593,0.8488103604055818,9950.0,0.849748743718593,0.9997993176801124,0.9994984451800581,0.999648858791071,9969.0,0.9994984451800581
