seed,best_epoch,best_val_score,train_time_sec,epochs_ran,early_stop_triggered,test_loss,params_total,params_trainable,gmacs,gflops,infer_time_sec_total,infer_time_ms_per_sample,throughput_samples_per_sec,test_acc,test_macro_f1,test_weighted_f1,test_macro_precision,test_macro_recall,test_weighted_precision,test_weighted_recall,test_precision_Earthquake,test_recall_Earthquake,test_f1_Earthquake,test_support_Earthquake,test_class_acc_Earthquake,test_precision_Explosion,test_recall_Explosion,test_f1_Explosion,test_support_Explosion,test_class_acc_Explosion,test_precision_Collapse,test_recall_Collapse,test_f1_Collapse,test_support_Collapse,test_class_acc_Collapse,test_precision_Noise,test_recall_Noise,test_f1_Noise,test_support_Noise,test_class_acc_Noise
0.0,5.0,0.9320328725928859,1521.1121689919382,19.0,1.0,0.07048814250760464,11535168.0,11535168.0,0.41213952,0.82427904,7.381120880126953,0.18317254516892378,5459.33343382759,0.907732777446893,0.9119929010258269,0.9075459474958995,0.9124662120607806,0.911701434170685,0.9075461928529505,0.907732777446893,0.9607683982683982,0.9696886947023484,0.9652079369393857,10986.0,0.9696886947023484,0.8427700348432056,0.8615316117542298,0.8520475561426685,11230.0,0.8615316117542298,0.8464497348996777,0.8182914572864322,0.8321324543921509,9950.0,0.8182914572864322,0.9998766802318412,0.9972939729397294,0.9985836566291028,8130.0,0.9972939729397294
