seed,best_epoch,best_val_score,train_time_sec,epochs_ran,early_stop_triggered,test_loss,params_total,params_trainable,gmacs,gflops,infer_time_sec_total,infer_time_ms_per_sample,throughput_samples_per_sec,test_acc,test_macro_f1,test_weighted_f1,test_macro_precision,test_macro_recall,test_weighted_precision,test_weighted_recall,test_precision_Earthquake,test_recall_Earthquake,test_f1_Earthquake,test_support_Earthquake,test_class_acc_Earthquake,test_precision_Explosion,test_recall_Explosion,test_f1_Explosion,test_support_Explosion,test_class_acc_Explosion,test_precision_Collapse,test_recall_Collapse,test_f1_Collapse,test_support_Collapse,test_class_acc_Collapse,test_precision_Noise,test_recall_Noise,test_f1_Noise,test_support_Noise,test_class_acc_Noise
0.0,12.0,0.9328774739710484,339.6647850230802,22.0,1.0,0.4599811813045356,10079620.0,10079620.0,0.416858624,0.833717248,1.0323496322631835,0.024500999935046484,40814.660734298835,0.924433368933191,0.9246711986309747,0.9240635567159731,0.9244406740217237,0.9254057704084923,0.9242206776971247,0.924433368933191,0.9500661667401853,0.980247587839068,0.9649209264817884,10986.0,0.980247587839068,0.895345557122708,0.8479073909171861,0.870981019894809,11230.0,0.8479073909171861,0.8529527172846773,0.8738693467336683,0.8632843526608419,9950.0,0.8738693467336683,0.999398254939324,0.9995987561440466,0.9994984954864594,9969.0,0.9995987561440466
