seed,best_epoch,best_val_score,train_time_sec,test_loss,params_total,params_trainable,gmacs,gflops,infer_time_sec_total,infer_time_ms_per_sample,throughput_samples_per_sec,test_acc,test_macro_f1,test_weighted_f1,test_macro_precision,test_macro_recall,test_weighted_precision,test_weighted_recall,test_precision_Earthquake,test_recall_Earthquake,test_f1_Earthquake,test_support_Earthquake,test_class_acc_Earthquake,test_precision_Explosion,test_recall_Explosion,test_f1_Explosion,test_support_Explosion,test_class_acc_Explosion,test_precision_Collapse,test_recall_Collapse,test_f1_Collapse,test_support_Collapse,test_class_acc_Collapse
0.0,69.0,0.9124888392950488,856.8242914169095,0.8946662537627927,26031491.0,26031491.0,0.431398432,0.862796864,0.5839669132232665,0.018154788075087566,55081.887811856315,0.891531430703227,0.8901073039893554,0.8911395555402791,0.8898513435026869,0.8904968568761307,0.8908855128239633,0.891531430703227,0.9489986648865154,0.9705079191698526,0.9596327798028892,10986.0,0.9705079191698526,0.8679673321234119,0.8517364203027604,0.8597752808988764,11230.0,0.8517364203027604,0.8525880334981334,0.8492462311557789,0.8509138512663008,9950.0,0.8492462311557789
1.0,79.0,0.9164364453113684,861.4656879079994,0.7742544474996744,26031491.0,26031491.0,0.431398432,0.862796864,0.5053020477294922,0.01570919752936306,63656.97535668747,0.8898215507057141,0.8881463818217673,0.8891806512738616,0.8879205053451255,0.8886980693117622,0.8888739174389974,0.8898215507057141,0.9403037485734351,0.9749681412707082,0.9573222505250927,10986.0,0.9749681412707082,0.8694817658349329,0.8471059661620659,0.8581480312119435,11230.0,0.8471059661620659,0.8539760016270084,0.8440201005025125,0.8489688637282653,9950.0,0.8440201005025125
2.0,87.0,0.9123420602833541,873.7529391099233,0.8108857566978604,26031491.0,26031491.0,0.431398432,0.862796864,0.5047592647075653,0.015692323096050655,63725.42764249316,0.8864950568923708,0.884612587818202,0.8857698017370405,0.8845556967426296,0.8850214520129348,0.8853964333071278,0.8864950568923708,0.9400315623356128,0.9759694156198798,0.9576634512325831,10986.0,0.9759694156198798,0.8607823651639714,0.8484416740872662,0.8545674693932463,11230.0,0.8484416740872662,0.8528531627283046,0.8306532663316583,0.8416068428287765,9950.0,0.8306532663316583
