metric,mean,std,min,max
test_acc,0.8892826794337707,0.0025610646177837855,0.8864950568923708,0.891531430703227
test_macro_f1,0.8876220912097749,0.0027846250977019236,0.884612587818202,0.8901073039893554
test_weighted_f1,0.8886966695170604,0.0027173963149559792,0.8857698017370405,0.8911395555402791
train_time_sec,864.014306144944,8.747363566630261,856.8242914169095,873.7529391099233
infer_time_ms_per_sample,0.01651876956683376,0.0014168587107177126,0.015692323096050655,0.018154788075087566
params_total,26031491.0,0.0,26031491.0,26031491.0
