seed,best_epoch,best_val_score,train_time_sec,epochs_ran,early_stop_triggered,test_loss,params_total,params_trainable,gmacs,gflops,infer_time_sec_total,infer_time_ms_per_sample,throughput_samples_per_sec,test_acc,test_macro_f1,test_weighted_f1,test_macro_precision,test_macro_recall,test_weighted_precision,test_weighted_recall,test_precision_Earthquake,test_recall_Earthquake,test_f1_Earthquake,test_support_Earthquake,test_class_acc_Earthquake,test_precision_Explosion,test_recall_Explosion,test_f1_Explosion,test_support_Explosion,test_class_acc_Explosion,test_precision_Collapse,test_recall_Collapse,test_f1_Collapse,test_support_Collapse,test_class_acc_Collapse,test_precision_Noise,test_recall_Noise,test_f1_Noise,test_support_Noise,test_class_acc_Noise
0.0,48.0,0.9324960263093995,616.666974717984,58.0,1.0,0.7641080413691558,26031748.0,26031748.0,0.431398688,0.862797376,0.8370119907855987,0.02077159000361323,48142.67948799535,0.9114304149295216,0.9154682497648619,0.9109269165976532,0.9155234154582831,0.915658537846659,0.9106838378675404,0.9114304149295216,0.9388059701492537,0.9733296923357,0.9557561673221309,10986.0,0.9733296923357,0.8642631816133394,0.853873552983081,0.859036954087346,11230.0,0.853873552983081,0.8591476627798988,0.8367839195979899,0.8478183391884324,9950.0,0.8367839195979899,0.9998768472906404,0.9986469864698647,0.9992615384615384,8130.0,0.9986469864698647
