seed,best_epoch,best_val_score,train_time_sec,epochs_ran,early_stop_triggered,test_loss,params_total,params_trainable,gmacs,gflops,infer_time_sec_total,infer_time_ms_per_sample,throughput_samples_per_sec,test_acc,test_macro_f1,test_weighted_f1,test_macro_precision,test_macro_recall,test_weighted_precision,test_weighted_recall,test_precision_Earthquake,test_recall_Earthquake,test_f1_Earthquake,test_support_Earthquake,test_class_acc_Earthquake,test_precision_Explosion,test_recall_Explosion,test_f1_Explosion,test_support_Explosion,test_class_acc_Explosion,test_precision_Collapse,test_recall_Collapse,test_f1_Collapse,test_support_Collapse,test_class_acc_Collapse,test_precision_Noise,test_recall_Noise,test_f1_Noise,test_support_Noise,test_class_acc_Noise
0.0,7.0,0.925671890645213,500.5657104700804,19.0,1.0,0.515408128578869,4784132.0,4784132.0,0.310326368,0.620652736,1.1569730563163758,0.02871185865387075,34828.814534623874,0.900734564224737,0.9048916498023218,0.9001125999121721,0.9064399801570837,0.9045032873245685,0.9006796350305063,0.900734564224737,0.9506458797327394,0.9713271436373566,0.9608752419972086,10986.0,0.9713271436373566,0.8212988767840554,0.8659839715048976,0.8430497160937974,11230.0,0.8659839715048976,0.854553443919587,0.7818090452261307,0.8165643205794363,9950.0,0.7818090452261307,0.9992617201919527,0.9988929889298893,0.9990773205388448,8130.0,0.9988929889298893
