metric,mean,std,min,max
test_acc,0.9120434779071376,0.003810177956302279,0.9077152131995802,0.914891020477899
test_macro_f1,0.9147241920698054,0.0038027397335580926,0.9104164465556036,0.9176151712777241
test_weighted_f1,0.9116273353049267,0.003971076435773518,0.9071214078749513,0.9146164454425794
train_time_sec,1074.9832640166085,3.543001276195794,1070.8936489520129,1077.1236984839197
infer_time_ms_per_sample,0.016715633337005,0.002403528133581024,0.015246748388888665,0.0194893723186396
params_total,26031748.0,0.0,26031748.0,26031748.0
