metric,mean,std,min,max
test_acc,0.9129302840220319,0.0020861400192137935,0.9105220765907593,0.9141832027531669
test_macro_f1,0.9155056500059228,0.001963113480855276,0.913240079892872,0.9167033086769156
test_weighted_f1,0.9124168661205498,0.002097465743597283,0.9099964656126636,0.9137019568387207
train_time_sec,4052.8104419000447,6.169914594453814,4046.0793315791525,4058.1976205389947
infer_time_ms_per_sample,0.08284469266024046,0.000803147042592266,0.08229494173989797,0.08376638773685174
params_total,11170884.0,0.0,11170884.0,11170884.0
