seed,best_epoch,best_val_score,train_time_sec,epochs_ran,early_stop_triggered,test_loss,params_total,params_trainable,gmacs,gflops,infer_time_sec_total,infer_time_ms_per_sample,throughput_samples_per_sec,test_acc,test_macro_f1,test_weighted_f1,test_macro_precision,test_macro_recall,test_weighted_precision,test_weighted_recall,test_precision_Earthquake,test_recall_Earthquake,test_f1_Earthquake,test_support_Earthquake,test_class_acc_Earthquake,test_precision_Explosion,test_recall_Explosion,test_f1_Explosion,test_support_Explosion,test_class_acc_Explosion,test_precision_Collapse,test_recall_Collapse,test_f1_Collapse,test_support_Collapse,test_class_acc_Collapse,test_precision_Noise,test_recall_Noise,test_f1_Noise,test_support_Noise,test_class_acc_Noise
0.0,6.0,0.938623788880209,5389.941067417152,19.0,1.0,0.06346064158244673,13896768.0,13896768.0,7.2216576,14.4433152,24.88250811767578,0.6174932528706517,1619.450893351661,0.9193468334325988,0.9233196583668905,0.9192861443707147,0.9232706256860543,0.923949364109822,0.9198396091782478,0.9193468334325988,0.9659992784992785,0.9749681412707082,0.9704629881308326,10986.0,0.9749681412707082,0.8895987973315794,0.8430988423864648,0.8657248662734879,11230.0,0.8430988423864648,0.8376076555023924,0.8796984924623116,0.8581372549019608,9950.0,0.8796984924623116,0.9998767714109673,0.9980319803198032,0.9989535241612804,8130.0,0.9980319803198032
