seed,best_epoch,best_val_score,train_time_sec,test_loss,params_total,params_trainable,gmacs,gflops,infer_time_sec_total,infer_time_ms_per_sample,throughput_samples_per_sec,test_acc,test_macro_f1,test_weighted_f1,test_macro_precision,test_macro_recall,test_weighted_precision,test_weighted_recall,test_precision_Earthquake,test_recall_Earthquake,test_f1_Earthquake,test_support_Earthquake,test_class_acc_Earthquake,test_precision_Explosion,test_recall_Explosion,test_f1_Explosion,test_support_Explosion,test_class_acc_Explosion,test_precision_Collapse,test_recall_Collapse,test_f1_Collapse,test_support_Collapse,test_class_acc_Collapse
0.0,5.0,0.9170496135860557,22217.592984133167,0.0783518860412259,11162288.0,11162288.0,7.2216576,14.4433152,19.619903579711913,0.6099578306196578,1639.4575982147771,0.8953864328794379,0.8937625229608815,0.894842958143528,0.8933904363830912,0.894593651143249,0.8947740104797154,0.8953864328794379,0.9496605836198536,0.9805206626615692,0.9648439249406602,10986.0,0.9805206626615692,0.8826155706445912,0.8449688334817453,0.8633820117374096,11230.0,0.8449688334817453,0.8478951548848292,0.8582914572864322,0.853061632204575,9950.0,0.8582914572864322
1.0,7.0,0.9168153991939557,22210.824110761052,0.07839215686544776,11162288.0,11162288.0,7.2216576,14.4433152,19.27369637298584,0.5991946892055536,1668.906647563677,0.8979357085120935,0.8961418625538301,0.8973388730726622,0.8960378381382087,0.8965005521608963,0.8969979823344172,0.8979357085120935,0.9515204936095196,0.9826142363007464,0.9668174286865792,10986.0,0.9826142363007464,0.8752596874717731,0.8628673196794301,0.8690193264876015,11230.0,0.8628673196794301,0.8613333333333333,0.8440201005025125,0.8525888324873097,9950.0,0.8440201005025125
2.0,5.0,0.9172628958262852,22210.623810078017,0.07908227021938988,11162288.0,11162288.0,7.2216576,14.4433152,19.272814125061036,0.5991672612404724,1668.9830447839765,0.8948890132437978,0.8932671102013936,0.8944598632912719,0.8929405402996503,0.8937653215667162,0.8942084456654441,0.8948890132437978,0.9568812233285917,0.9797014381940652,0.9681568768552667,10986.0,0.9797014381940652,0.8730506155950752,0.8524487978628673,0.8626267177292183,11230.0,0.8524487978628673,0.8488897819752839,0.8491457286432161,0.8490177360196955,9950.0,0.8491457286432161
