metric,mean,std,min,max
test_acc,0.8960703848784429,0.0016344512128452294,0.8948890132437978,0.8979357085120935
test_macro_f1,0.8943904985720351,0.0015368198652127546,0.8932671102013936,0.8961418625538301
test_weighted_f1,0.8955472315024874,0.001563385766034813,0.8944598632912719,0.8973388730726622
train_time_sec,22213.013634990744,3.9670970516303874,22210.623810078017,22217.592984133167
infer_time_ms_per_sample,0.6027732603552279,0.006222035477776908,0.5991672612404724,0.6099578306196578
params_total,11162288.0,0.0,11162288.0,11162288.0
