seed,best_epoch,best_val_score,train_time_sec,epochs_ran,early_stop_triggered,test_loss,params_total,params_trainable,gmacs,gflops,infer_time_sec_total,infer_time_ms_per_sample,throughput_samples_per_sec,test_acc,test_macro_f1,test_weighted_f1,test_macro_precision,test_macro_recall,test_weighted_precision,test_weighted_recall,test_precision_Earthquake,test_recall_Earthquake,test_f1_Earthquake,test_support_Earthquake,test_class_acc_Earthquake,test_precision_Explosion,test_recall_Explosion,test_f1_Explosion,test_support_Explosion,test_class_acc_Explosion,test_precision_Collapse,test_recall_Collapse,test_f1_Collapse,test_support_Collapse,test_class_acc_Collapse,test_precision_Noise,test_recall_Noise,test_f1_Noise,test_support_Noise,test_class_acc_Noise
0.0,14.0,0.9345632585552069,1576.837357172044,24.0,1.0,0.46512008466996557,6304164.0,6304164.0,1.50626528,3.01253056,6.052999141693115,0.1502133993868651,6657.195723429197,0.9163440540003971,0.9201898498666308,0.9158585514217871,0.9200515023923896,0.9210520643859129,0.9161645409748196,0.9163440540003971,0.9430523917995444,0.979792463134899,0.9610714285714286,10986.0,0.979792463134899,0.8923954372623574,0.8359750667853962,0.863264367816092,11230.0,0.8359750667853962,0.8450043949604453,0.8695477386934674,0.8571004012085789,9950.0,0.8695477386934674,0.9997537855472116,0.9988929889298893,0.9993232018704239,8130.0,0.9988929889298893
