metric,mean,std,min,max
test_acc,0.9053314132760569,0.0019672410869604677,0.9035171218666862,0.9074223231065875
test_macro_f1,0.9083779947004395,0.0018277429114876796,0.9069375183029617,0.9104340528577527
test_weighted_f1,0.9050841323569833,0.0018871847170831436,0.9036066800873546,0.90721005611637
train_time_sec,2601.8642673377567,70.31107563842885,2557.5609351031017,2682.935865754029
infer_time_ms_per_sample,0.02829897960323838,0.00012043185122332667,0.028182746289179144,0.028423211260957575
params_total,4784132.0,0.0,4784132.0,4784132.0
