seed,best_epoch,best_val_score,train_time_sec,test_loss,params_total,params_trainable,gmacs,gflops,infer_time_sec_total,infer_time_ms_per_sample,throughput_samples_per_sec,test_acc,test_macro_f1,test_weighted_f1,test_macro_precision,test_macro_recall,test_weighted_precision,test_weighted_recall,test_precision_Earthquake,test_recall_Earthquake,test_f1_Earthquake,test_support_Earthquake,test_class_acc_Earthquake,test_precision_Explosion,test_recall_Explosion,test_f1_Explosion,test_support_Explosion,test_class_acc_Explosion,test_precision_Collapse,test_recall_Collapse,test_f1_Collapse,test_support_Collapse,test_class_acc_Collapse
0.0,54.0,0.9165542735056826,1252.4046259289607,0.7513526705285859,10079491.0,10079491.0,0.416858496,0.833716992,0.8603658576011658,0.026747679462823037,37386.420806706374,0.8977180874215009,0.8964644996569988,0.8975065018973674,0.8961442412079069,0.8969368060950017,0.8974503516783141,0.8977180874215009,0.9593211206896551,0.972419442927362,0.9658258746948739,10986.0,0.972419442927362,0.8778326023391813,0.8554764024933215,0.8665103274104807,11230.0,0.8554764024933215,0.851279000594884,0.8629145728643216,0.8570572968656418,9950.0,0.8629145728643216
1.0,28.0,0.9170258016473826,1242.3579275498632,0.7404485079164188,10079491.0,10079491.0,0.416858496,0.833716992,0.7596273913383483,0.02361584876386086,42344.44461425803,0.8966921594229932,0.8956187546904522,0.8966294479002103,0.8954768546832598,0.8957773831371917,0.8965837383051363,0.8966921594229932,0.9643666696890018,0.968141270708174,0.9662502838973427,10986.0,0.968141270708174,0.8675348001796138,0.8601959038290294,0.863849765258216,11230.0,0.8601959038290294,0.8545290941811637,0.8589949748743718,0.8567562149157979,9950.0,0.8589949748743718
2.0,41.0,0.9171772003970271,1244.1601689038798,0.7306219651918149,10079491.0,10079491.0,0.416858496,0.833716992,0.7597201278209686,0.02361873182307308,42339.275770221604,0.8944848597898402,0.8931789571468616,0.8943452955291927,0.8945929124487568,0.8924656429491629,0.8948900314558881,0.8944848597898402,0.9636330575506864,0.9647733478973238,0.9642028655901751,10986.0,0.9647733478973238,0.846180052806405,0.8846838824577026,0.865003700317792,11230.0,0.8846838824577026,0.8739656269891789,0.8279396984924623,0.8503303055326177,9950.0,0.8279396984924623
