metric,mean,std,min,max
test_acc,0.8962983688781114,0.0016521935342030617,0.8944848597898402,0.8977180874215009
test_macro_f1,0.8950874038314375,0.0017060034284875948,0.8931789571468616,0.8964644996569988
test_weighted_f1,0.8961604151089234,0.0016319620844320133,0.8943452955291927,0.8975065018973674
train_time_sec,1246.307574127568,5.3565426327233086,1242.3579275498632,1252.4046259289607
infer_time_ms_per_sample,0.02466075334991899,0.0018073316044788783,0.02361584876386086,0.026747679462823037
params_total,10079491.0,0.0,10079491.0,10079491.0
