seed,best_epoch,best_val_score,train_time_sec,epochs_ran,early_stop_triggered,test_loss,params_total,params_trainable,gmacs,gflops,infer_time_sec_total,infer_time_ms_per_sample,throughput_samples_per_sec,test_acc,test_macro_f1,test_weighted_f1,test_macro_precision,test_macro_recall,test_weighted_precision,test_weighted_recall,test_precision_Earthquake,test_recall_Earthquake,test_f1_Earthquake,test_support_Earthquake,test_class_acc_Earthquake,test_precision_Explosion,test_recall_Explosion,test_f1_Explosion,test_support_Explosion,test_class_acc_Explosion,test_precision_Collapse,test_recall_Collapse,test_f1_Collapse,test_support_Collapse,test_class_acc_Collapse,test_precision_Noise,test_recall_Noise,test_f1_Noise,test_support_Noise,test_class_acc_Noise
0.0,10.0,0.9323611044069098,813.3826555181295,20.0,1.0,0.47728853765359336,11170884.0,11170884.0,1.5690496,3.1380992,3.454709409713745,0.08573330875803417,11664.077993563835,0.9077079610879492,0.9116571170197192,0.9070099917454888,0.9118397712819608,0.9118882898777859,0.906748006246253,0.9077079610879492,0.9355596138794677,0.9792463134898962,0.9569046030687125,10986.0,0.9792463134898962,0.8573487031700289,0.8477292965271594,0.8525118653174533,11230.0,0.8477292965271594,0.8546972860125261,0.8229145728643216,0.8385048643113159,9950.0,0.8229145728643216,0.9997534820658203,0.9976629766297663,0.9987071353813951,8130.0,0.9976629766297663
