seed,best_epoch,best_val_score,train_time_sec,test_loss,params_total,params_trainable,gmacs,gflops,infer_time_sec_total,infer_time_ms_per_sample,throughput_samples_per_sec,test_acc,test_macro_f1,test_weighted_f1,test_macro_precision,test_macro_recall,test_weighted_precision,test_weighted_recall,test_precision_Earthquake,test_recall_Earthquake,test_f1_Earthquake,test_support_Earthquake,test_class_acc_Earthquake,test_precision_Explosion,test_recall_Explosion,test_f1_Explosion,test_support_Explosion,test_class_acc_Explosion,test_precision_Collapse,test_recall_Collapse,test_f1_Collapse,test_support_Collapse,test_class_acc_Collapse
0.0,84.0,0.9154114086169979,3265.900374174118,0.6158032018898262,11170371.0,11170371.0,1.569049088,3.138098176,2.9347127628326417,0.09123648457478833,10960.527519890142,0.8912516321581795,0.8895998632987295,0.8908515507583998,0.8900843564912173,0.8894224580349981,0.8907460491846211,0.8912516321581795,0.9556072675199141,0.9718732932823594,0.9636716458323932,10986.0,0.9718732932823594,0.8536798809836352,0.8686553873552983,0.8611025290197291,11230.0,0.8686553873552983,0.8609659209701025,0.8277386934673366,0.8440254150440664,9950.0,0.8277386934673366
1.0,48.0,0.9212967174643297,3253.2293094710913,0.5792668751100936,11170371.0,11170371.0,1.569049088,3.138098176,2.688437568664551,0.08358010224039517,11964.57019307987,0.8995834110551514,0.8979964755800367,0.898862407860327,0.8980256854339007,0.899374625589498,0.8995904434380286,0.8995834110551514,0.9371691399809078,0.9829783360640816,0.9595273001910347,10986.0,0.9829783360640816,0.9056658315667758,0.8369545859305432,0.8699555720103666,11230.0,0.8369545859305432,0.8512420847540185,0.8781909547738693,0.8645065545387088,9950.0,0.8781909547738693
2.0,85.0,0.917035937204207,3255.5018269070424,0.6117027893048962,11170371.0,11170371.0,1.569049088,3.138098176,2.6848893432617187,0.08346979242870481,11980.382014896511,0.8885158241621588,0.8867513332880551,0.8879144419082767,0.8865994166942199,0.887145933446923,0.8875579230814411,0.8885158241621588,0.9445326278659611,0.9749681412707082,0.9595090925378482,10986.0,0.9749681412707082,0.8637966898797143,0.8504897595725734,0.8570915780499843,11230.0,0.8504897595725734,0.8514689323369843,0.8359798994974874,0.8436533292763325,9950.0,0.8359798994974874
