metric,mean,std,min,max
test_acc,0.8931169557918298,0.00576475880693862,0.8885158241621588,0.8995834110551514
test_macro_f1,0.8914492240556071,0.005846230212584633,0.8867513332880551,0.8979964755800367
test_weighted_f1,0.892542800175668,0.005666545073090842,0.8879144419082767,0.898862407860327
train_time_sec,3258.2105035174172,6.755861670561836,3253.2293094710913,3265.900374174118
infer_time_ms_per_sample,0.08609545974796277,0.004452599719957591,0.08346979242870481,0.09123648457478833
params_total,11170371.0,0.0,11170371.0,11170371.0
