metric,mean,std,min,max
test_acc,0.9136543734185968,0.0026766405580897308,0.910570891606258,0.9153791706328867
test_macro_f1,0.916386376611892,0.0024478593412995595,0.9135609598777584,0.917868226599174
test_weighted_f1,0.9133457061266336,0.0026189089893536815,0.9103223629390305,0.914914221998937
train_time_sec,6562.999712010303,18.33706112464245,6548.876431318,6583.723252573982
infer_time_ms_per_sample,0.1348965123365978,0.004713113766901483,0.13209407419349634,0.14033792901721717
params_total,6304164.0,0.0,6304164.0,6304164.0
