seed,best_epoch,best_val_score,train_time_sec,epochs_ran,early_stop_triggered,test_loss,params_total,params_trainable,gmacs,gflops,infer_time_sec_total,infer_time_ms_per_sample,throughput_samples_per_sec,test_acc,test_macro_f1,test_weighted_f1,test_macro_precision,test_macro_recall,test_weighted_precision,test_weighted_recall,test_precision_Earthquake,test_recall_Earthquake,test_f1_Earthquake,test_support_Earthquake,test_class_acc_Earthquake,test_precision_Explosion,test_recall_Explosion,test_f1_Explosion,test_support_Explosion,test_class_acc_Explosion,test_precision_Collapse,test_recall_Collapse,test_f1_Collapse,test_support_Collapse,test_class_acc_Collapse,test_precision_Noise,test_recall_Noise,test_f1_Noise,test_support_Noise,test_class_acc_Noise
0.0,6.0,0.9330186353587616,251.64574505388737,19.0,1.0,0.5679509986586095,10079620.0,10079620.0,0.416858624,0.833717248,1.0988059883117676,0.030617643454964545,32660.906822267327,0.8985176103432903,0.9131539681316888,0.897480376193335,0.9136512435792886,0.9134858101215158,0.8974141950958862,0.8985176103432903,0.9239139748093566,0.981521937010741,0.9518471112680408,10986.0,0.981521937010741,0.8650130313651478,0.8570792520035619,0.8610278659927539,11230.0,0.8570792520035619,0.8667520819987188,0.8158793969849246,0.8405466970387244,9950.0,0.8158793969849246,0.9989258861439313,0.999462654486835,0.9991941982272361,3722.0,0.999462654486835
