seed,best_epoch,best_val_score,train_time_sec,epochs_ran,early_stop_triggered,test_loss,params_total,params_trainable,gmacs,gflops,infer_time_sec_total,infer_time_ms_per_sample,throughput_samples_per_sec,test_acc,test_macro_f1,test_weighted_f1,test_macro_precision,test_macro_recall,test_weighted_precision,test_weighted_recall,test_precision_Earthquake,test_recall_Earthquake,test_f1_Earthquake,test_support_Earthquake,test_class_acc_Earthquake,test_precision_Explosion,test_recall_Explosion,test_f1_Explosion,test_support_Explosion,test_class_acc_Explosion,test_precision_Collapse,test_recall_Collapse,test_f1_Collapse,test_support_Collapse,test_class_acc_Collapse,test_precision_Noise,test_recall_Noise,test_f1_Noise,test_support_Noise,test_class_acc_Noise
0.0,16.0,0.9257611874943648,718.2825997490436,26.0,1.0,0.5146265177301812,4784132.0,4784132.0,0.310326368,0.620652736,1.2470275869369507,0.02959600301262491,33788.34633762624,0.909623828171354,0.9103388833434538,0.9095897627962974,0.910158680600741,0.9108629523001125,0.9099021803047163,0.909623828171354,0.9583144540099683,0.962588749317313,0.960446846192271,10986.0,0.962588749317313,0.8614100185528757,0.8268922528940338,0.84379827351204,11230.0,0.8268922528940338,0.8212112431179368,0.8544723618090452,0.8375116977786534,9950.0,0.8544723618090452,0.9996990067221833,0.9994984451800581,0.9995987158908507,9969.0,0.9994984451800581
