metric,mean,std,min,max
test_acc,0.9148828846419826,0.000876747213300294,0.9143052402919138,0.9158917282956237
test_macro_f1,0.9174940827146912,0.0008770782725811147,0.9168455464377716,0.9184920101285814
test_weighted_f1,0.9145508494176947,0.0009008679886460995,0.9138499161769242,0.9155669605204837
train_time_sec,8102.732020393557,3.2368114581685616,8099.367517382838,8105.823895264883
infer_time_ms_per_sample,0.17749273464516838,0.0004627700621344369,0.17722412657462483,0.17802709293768168
params_total,11535168.0,0.0,11535168.0,11535168.0
