seed,best_epoch,best_val_score,train_time_sec,epochs_ran,early_stop_triggered,test_loss,params_total,params_trainable,gmacs,gflops,infer_time_sec_total,infer_time_ms_per_sample,throughput_samples_per_sec,test_acc,test_macro_f1,test_weighted_f1,test_macro_precision,test_macro_recall,test_weighted_precision,test_weighted_recall,test_precision_Earthquake,test_recall_Earthquake,test_f1_Earthquake,test_support_Earthquake,test_class_acc_Earthquake,test_precision_Explosion,test_recall_Explosion,test_f1_Explosion,test_support_Explosion,test_class_acc_Explosion,test_precision_Collapse,test_recall_Collapse,test_f1_Collapse,test_support_Collapse,test_class_acc_Collapse,test_precision_Noise,test_recall_Noise,test_f1_Noise,test_support_Noise,test_class_acc_Noise
0.0,5.0,0.9331283741716605,1352.3828544421121,19.0,1.0,0.07495877129877819,11535168.0,11535168.0,0.41213952,0.82427904,6.578759708404541,0.18331363431800438,5455.131603933204,0.9049264378065092,0.9195357451206848,0.9049673292361217,0.9194346919343717,0.9197354787996728,0.9051239245149479,0.9049264378065092,0.9674101046882112,0.96732204624067,0.9673660734604707,10986.0,0.96732204624067,0.8700590640617901,0.852626892252894,0.8612547785023611,11230.0,0.852626892252894,0.8405384161917862,0.8597989949748743,0.8500596184419714,9950.0,0.8597989949748743,0.999731182795699,0.9991939817302525,0.9994625100779361,3722.0,0.9991939817302525
