seed,best_epoch,best_val_score,train_time_sec,epochs_ran,early_stop_triggered,test_loss,params_total,params_trainable,gmacs,gflops,infer_time_sec_total,infer_time_ms_per_sample,throughput_samples_per_sec,test_acc,test_macro_f1,test_weighted_f1,test_macro_precision,test_macro_recall,test_weighted_precision,test_weighted_recall,test_precision_Earthquake,test_recall_Earthquake,test_f1_Earthquake,test_support_Earthquake,test_class_acc_Earthquake,test_precision_Explosion,test_recall_Explosion,test_f1_Explosion,test_support_Explosion,test_class_acc_Explosion,test_precision_Collapse,test_recall_Collapse,test_f1_Collapse,test_support_Collapse,test_class_acc_Collapse,test_precision_Noise,test_recall_Noise,test_f1_Noise,test_support_Noise,test_class_acc_Noise
0.0,3.0,0.9319633337013671,1587.5658850430045,19.0,1.0,0.06588322071104565,11535168.0,11535168.0,0.41213952,0.82427904,7.650848911285401,0.18157942117682213,5507.232006352743,0.915936869585855,0.916378766871654,0.9157711363167288,0.9162185060492203,0.9165776507789095,0.9156461077510033,0.915936869585855,0.9565881718497213,0.9687784452940106,0.9626447178002895,10986.0,0.9687784452940106,0.8634599765364137,0.8520035618878006,0.8576935144099324,11230.0,0.8520035618878006,0.8449262270400482,0.8460301507537689,0.8454778285542108,9950.0,0.8460301507537689,0.9998996487706975,0.9994984451800581,0.9996990067221833,9969.0,0.9994984451800581
